Well_ID,State,District,Block,Month,Year,Depth_to_Water_m,Observation_Type
Block_1_W1,Maharashtra,Pune,Block_1,May,2019,21.9,Pre-monsoon
Block_1_W1,Maharashtra,Pune,Block_1,November,2019,15.36,Post-monsoon
Block_1_W1,Maharashtra,Pune,Block_1,May,2020,22.02,Pre-monsoon
Block_1_W1,Maharashtra,Pune,Block_1,November,2020,16.67,Post-monsoon
Block_1_W1,Maharashtra,Pune,Block_1,May,2021,18.59,Pre-monsoon
Block_1_W1,Maharashtra,Pune,Block_1,November,2021,18.09,Post-monsoon
Block_1_W1,Maharashtra,Pune,Block_1,May,2022,12.99,Pre-monsoon
Block_1_W1,Maharashtra,Pune,Block_1,November,2022,9.57,Post-monsoon
Block_1_W1,Maharashtra,Pune,Block_1,May,2023,14.15,Pre-monsoon
Block_1_W1,Maharashtra,Pune,Block_1,November,2023,11.15,Post-monsoon
Block_2_W1,Maharashtra,Pune,Block_2,May,2019,18.21,Pre-monsoon
Block_2_W1,Maharashtra,Pune,Block_2,November,2019,10.74,Post-monsoon
Block_2_W1,Maharashtra,Pune,Block_2,May,2020,21.86,Pre-monsoon
Block_2_W1,Maharashtra,Pune,Block_2,November,2020,11.56,Post-monsoon
Block_2_W1,Maharashtra,Pune,Block_2,May,2021,16.01,Pre-monsoon
Block_2_W1,Maharashtra,Pune,Block_2,November,2021,14.13,Post-monsoon
Block_2_W1,Maharashtra,Pune,Block_2,May,2022,13.87,Pre-monsoon
Block_2_W1,Maharashtra,Pune,Block_2,November,2022,16.88,Post-monsoon
Block_2_W1,Maharashtra,Pune,Block_2,May,2023,15.33,Pre-monsoon
Block_2_W1,Maharashtra,Pune,Block_2,November,2023,18.5,Post-monsoon
Block_3_W1,Maharashtra,Pune,Block_3,May,2019,20.84,Pre-monsoon
Block_3_W1,Maharashtra,Pune,Block_3,November,2019,10.74,Post-monsoon
Block_3_W1,Maharashtra,Pune,Block_3,May,2020,13.99,Pre-monsoon
Block_3_W1,Maharashtra,Pune,Block_3,November,2020,16.77,Post-monsoon
Block_3_W1,Maharashtra,Pune,Block_3,May,2021,19.14,Pre-monsoon
Block_3_W1,Maharashtra,Pune,Block_3,November,2021,14.9,Post-monsoon
Block_3_W1,Maharashtra,Pune,Block_3,May,2022,21.86,Pre-monsoon
Block_3_W1,Maharashtra,Pune,Block_3,November,2022,8.55,Post-monsoon
Block_3_W1,Maharashtra,Pune,Block_3,May,2023,15.67,Pre-monsoon
Block_3_W1,Maharashtra,Pune,Block_3,November,2023,9.55,Post-monsoon
Block_4_W1,Maharashtra,Pune,Block_4,May,2019,21.32,Pre-monsoon
Block_4_W1,Maharashtra,Pune,Block_4,November,2019,15.18,Post-monsoon
Block_4_W1,Maharashtra,Pune,Block_4,May,2020,15.37,Pre-monsoon
Block_4_W1,Maharashtra,Pune,Block_4,November,2020,9.28,Post-monsoon
Block_4_W1,Maharashtra,Pune,Block_4,May,2021,17.51,Pre-monsoon
Block_4_W1,Maharashtra,Pune,Block_4,November,2021,11.98,Post-monsoon
Block_4_W1,Maharashtra,Pune,Block_4,May,2022,21.25,Pre-monsoon
Block_4_W1,Maharashtra,Pune,Block_4,November,2022,14.35,Post-monsoon
Block_4_W1,Maharashtra,Pune,Block_4,May,2023,21.17,Pre-monsoon
Block_4_W1,Maharashtra,Pune,Block_4,November,2023,13.25,Post-monsoon
Block_5_W1,Maharashtra,Pune,Block_5,May,2019,15.36,Pre-monsoon
Block_5_W1,Maharashtra,Pune,Block_5,November,2019,15.14,Post-monsoon
Block_5_W1,Maharashtra,Pune,Block_5,May,2020,22.1,Pre-monsoon
Block_5_W1,Maharashtra,Pune,Block_5,November,2020,12.91,Post-monsoon
Block_5_W1,Maharashtra,Pune,Block_5,May,2021,21.71,Pre-monsoon
Block_5_W1,Maharashtra,Pune,Block_5,November,2021,12.07,Post-monsoon
Block_5_W1,Maharashtra,Pune,Block_5,May,2022,18.11,Pre-monsoon
Block_5_W1,Maharashtra,Pune,Block_5,November,2022,11.55,Post-monsoon
Block_5_W1,Maharashtra,Pune,Block_5,May,2023,12.29,Pre-monsoon
Block_5_W1,Maharashtra,Pune,Block_5,November,2023,9.18,Post-monsoon
Block_1_W1,Maharashtra,Nagpur,Block_1,May,2019,12.94,Pre-monsoon
Block_1_W1,Maharashtra,Nagpur,Block_1,November,2019,14.23,Post-monsoon
Block_1_W1,Maharashtra,Nagpur,Block_1,May,2020,15.69,Pre-monsoon
Block_1_W1,Maharashtra,Nagpur,Block_1,November,2020,13.1,Post-monsoon
Block_1_W1,Maharashtra,Nagpur,Block_1,May,2021,22.34,Pre-monsoon
Block_1_W1,Maharashtra,Nagpur,Block_1,November,2021,9.7,Post-monsoon
Block_1_W1,Maharashtra,Nagpur,Block_1,May,2022,18.56,Pre-monsoon
Block_1_W1,Maharashtra,Nagpur,Block_1,November,2022,14.99,Post-monsoon
Block_1_W1,Maharashtra,Nagpur,Block_1,May,2023,15.07,Pre-monsoon
Block_1_W1,Maharashtra,Nagpur,Block_1,November,2023,9.07,Post-monsoon
Block_2_W1,Maharashtra,Nagpur,Block_2,May,2019,16.67,Pre-monsoon
Block_2_W1,Maharashtra,Nagpur,Block_2,November,2019,8.73,Post-monsoon
Block_2_W1,Maharashtra,Nagpur,Block_2,May,2020,23.17,Pre-monsoon
Block_2_W1,Maharashtra,Nagpur,Block_2,November,2020,16.0,Post-monsoon
Block_2_W1,Maharashtra,Nagpur,Block_2,May,2021,19.99,Pre-monsoon
Block_2_W1,Maharashtra,Nagpur,Block_2,November,2021,17.7,Post-monsoon
Block_2_W1,Maharashtra,Nagpur,Block_2,May,2022,20.92,Pre-monsoon
Block_2_W1,Maharashtra,Nagpur,Block_2,November,2022,10.26,Post-monsoon
Block_2_W1,Maharashtra,Nagpur,Block_2,May,2023,23.22,Pre-monsoon
Block_2_W1,Maharashtra,Nagpur,Block_2,November,2023,12.87,Post-monsoon
Block_3_W1,Maharashtra,Nagpur,Block_3,May,2019,22.68,Pre-monsoon
Block_3_W1,Maharashtra,Nagpur,Block_3,November,2019,16.2,Post-monsoon
Block_3_W1,Maharashtra,Nagpur,Block_3,May,2020,17.86,Pre-monsoon
Block_3_W1,Maharashtra,Nagpur,Block_3,November,2020,8.3,Post-monsoon
Block_3_W1,Maharashtra,Nagpur,Block_3,May,2021,15.55,Pre-monsoon
Block_3_W1,Maharashtra,Nagpur,Block_3,November,2021,11.4,Post-monsoon
Block_3_W1,Maharashtra,Nagpur,Block_3,May,2022,20.99,Pre-monsoon
Block_3_W1,Maharashtra,Nagpur,Block_3,November,2022,17.6,Post-monsoon
Block_3_W1,Maharashtra,Nagpur,Block_3,May,2023,13.97,Pre-monsoon
Block_3_W1,Maharashtra,Nagpur,Block_3,November,2023,13.34,Post-monsoon
Block_4_W1,Maharashtra,Nagpur,Block_4,May,2019,16.59,Pre-monsoon
Block_4_W1,Maharashtra,Nagpur,Block_4,November,2019,10.47,Post-monsoon
Block_4_W1,Maharashtra,Nagpur,Block_4,May,2020,16.15,Pre-monsoon
Block_4_W1,Maharashtra,Nagpur,Block_4,November,2020,11.23,Post-monsoon
Block_4_W1,Maharashtra,Nagpur,Block_4,May,2021,21.94,Pre-monsoon
Block_4_W1,Maharashtra,Nagpur,Block_4,November,2021,12.01,Post-monsoon
Block_4_W1,Maharashtra,Nagpur,Block_4,May,2022,17.24,Pre-monsoon
Block_4_W1,Maharashtra,Nagpur,Block_4,November,2022,14.42,Post-monsoon
Block_4_W1,Maharashtra,Nagpur,Block_4,May,2023,15.99,Pre-monsoon
Block_4_W1,Maharashtra,Nagpur,Block_4,November,2023,17.55,Post-monsoon
Block_5_W1,Maharashtra,Nagpur,Block_5,May,2019,22.45,Pre-monsoon
Block_5_W1,Maharashtra,Nagpur,Block_5,November,2019,10.99,Post-monsoon
Block_5_W1,Maharashtra,Nagpur,Block_5,May,2020,18.93,Pre-monsoon
Block_5_W1,Maharashtra,Nagpur,Block_5,November,2020,10.03,Post-monsoon
Block_5_W1,Maharashtra,Nagpur,Block_5,May,2021,15.47,Pre-monsoon
Block_5_W1,Maharashtra,Nagpur,Block_5,November,2021,8.33,Post-monsoon
Block_5_W1,Maharashtra,Nagpur,Block_5,May,2022,18.51,Pre-monsoon
Block_5_W1,Maharashtra,Nagpur,Block_5,November,2022,12.55,Post-monsoon
Block_5_W1,Maharashtra,Nagpur,Block_5,May,2023,15.14,Pre-monsoon
Block_5_W1,Maharashtra,Nagpur,Block_5,November,2023,10.06,Post-monsoon
Block_1_W1,Karnataka,Bangalore Urban,Block_1,May,2019,22.88,Pre-monsoon
Block_1_W1,Karnataka,Bangalore Urban,Block_1,November,2019,9.83,Post-monsoon
Block_1_W1,Karnataka,Bangalore Urban,Block_1,May,2020,13.98,Pre-monsoon
Block_1_W1,Karnataka,Bangalore Urban,Block_1,November,2020,12.38,Post-monsoon
Block_1_W1,Karnataka,Bangalore Urban,Block_1,May,2021,23.11,Pre-monsoon
Block_1_W1,Karnataka,Bangalore Urban,Block_1,November,2021,11.02,Post-monsoon
Block_1_W1,Karnataka,Bangalore Urban,Block_1,May,2022,20.28,Pre-monsoon
Block_1_W1,Karnataka,Bangalore Urban,Block_1,November,2022,15.59,Post-monsoon
Block_1_W1,Karnataka,Bangalore Urban,Block_1,May,2023,14.88,Pre-monsoon
Block_1_W1,Karnataka,Bangalore Urban,Block_1,November,2023,15.38,Post-monsoon
Block_2_W1,Karnataka,Bangalore Urban,Block_2,May,2019,15.93,Pre-monsoon
Block_2_W1,Karnataka,Bangalore Urban,Block_2,November,2019,15.01,Post-monsoon
Block_2_W1,Karnataka,Bangalore Urban,Block_2,May,2020,19.07,Pre-monsoon
Block_2_W1,Karnataka,Bangalore Urban,Block_2,November,2020,13.33,Post-monsoon
Block_2_W1,Karnataka,Bangalore Urban,Block_2,May,2021,13.77,Pre-monsoon
Block_2_W1,Karnataka,Bangalore Urban,Block_2,November,2021,16.0,Post-monsoon
Block_2_W1,Karnataka,Bangalore Urban,Block_2,May,2022,17.36,Pre-monsoon
Block_2_W1,Karnataka,Bangalore Urban,Block_2,November,2022,9.82,Post-monsoon
Block_2_W1,Karnataka,Bangalore Urban,Block_2,May,2023,14.11,Pre-monsoon
Block_2_W1,Karnataka,Bangalore Urban,Block_2,November,2023,13.7,Post-monsoon
Block_3_W1,Karnataka,Bangalore Urban,Block_3,May,2019,20.77,Pre-monsoon
Block_3_W1,Karnataka,Bangalore Urban,Block_3,November,2019,8.74,Post-monsoon
Block_3_W1,Karnataka,Bangalore Urban,Block_3,May,2020,19.32,Pre-monsoon
Block_3_W1,Karnataka,Bangalore Urban,Block_3,November,2020,11.18,Post-monsoon
Block_3_W1,Karnataka,Bangalore Urban,Block_3,May,2021,18.55,Pre-monsoon
Block_3_W1,Karnataka,Bangalore Urban,Block_3,November,2021,9.37,Post-monsoon
Block_3_W1,Karnataka,Bangalore Urban,Block_3,May,2022,20.69,Pre-monsoon
Block_3_W1,Karnataka,Bangalore Urban,Block_3,November,2022,11.74,Post-monsoon
Block_3_W1,Karnataka,Bangalore Urban,Block_3,May,2023,22.86,Pre-monsoon
Block_3_W1,Karnataka,Bangalore Urban,Block_3,November,2023,10.06,Post-monsoon
Block_4_W1,Karnataka,Bangalore Urban,Block_4,May,2019,16.41,Pre-monsoon
Block_4_W1,Karnataka,Bangalore Urban,Block_4,November,2019,9.94,Post-monsoon
Block_4_W1,Karnataka,Bangalore Urban,Block_4,May,2020,21.57,Pre-monsoon
Block_4_W1,Karnataka,Bangalore Urban,Block_4,November,2020,17.05,Post-monsoon
Block_4_W1,Karnataka,Bangalore Urban,Block_4,May,2021,16.76,Pre-monsoon
Block_4_W1,Karnataka,Bangalore Urban,Block_4,November,2021,15.39,Post-monsoon
Block_4_W1,Karnataka,Bangalore Urban,Block_4,May,2022,22.24,Pre-monsoon
Block_4_W1,Karnataka,Bangalore Urban,Block_4,November,2022,13.78,Post-monsoon
Block_4_W1,Karnataka,Bangalore Urban,Block_4,May,2023,18.04,Pre-monsoon
Block_4_W1,Karnataka,Bangalore Urban,Block_4,November,2023,10.46,Post-monsoon
Block_5_W1,Karnataka,Bangalore Urban,Block_5,May,2019,15.33,Pre-monsoon
Block_5_W1,Karnataka,Bangalore Urban,Block_5,November,2019,17.45,Post-monsoon
Block_5_W1,Karnataka,Bangalore Urban,Block_5,May,2020,21.82,Pre-monsoon
Block_5_W1,Karnataka,Bangalore Urban,Block_5,November,2020,14.69,Post-monsoon
Block_5_W1,Karnataka,Bangalore Urban,Block_5,May,2021,16.47,Pre-monsoon
Block_5_W1,Karnataka,Bangalore Urban,Block_5,November,2021,10.66,Post-monsoon
Block_5_W1,Karnataka,Bangalore Urban,Block_5,May,2022,22.01,Pre-monsoon
Block_5_W1,Karnataka,Bangalore Urban,Block_5,November,2022,16.12,Post-monsoon
Block_5_W1,Karnataka,Bangalore Urban,Block_5,May,2023,23.72,Pre-monsoon
Block_5_W1,Karnataka,Bangalore Urban,Block_5,November,2023,14.82,Post-monsoon
Block_1_W1,Karnataka,Mysore,Block_1,May,2019,18.98,Pre-monsoon
Block_1_W1,Karnataka,Mysore,Block_1,November,2019,9.32,Post-monsoon
Block_1_W1,Karnataka,Mysore,Block_1,May,2020,16.24,Pre-monsoon
Block_1_W1,Karnataka,Mysore,Block_1,November,2020,16.58,Post-monsoon
Block_1_W1,Karnataka,Mysore,Block_1,May,2021,20.48,Pre-monsoon
Block_1_W1,Karnataka,Mysore,Block_1,November,2021,8.64,Post-monsoon
Block_1_W1,Karnataka,Mysore,Block_1,May,2022,15.09,Pre-monsoon
Block_1_W1,Karnataka,Mysore,Block_1,November,2022,14.01,Post-monsoon
Block_1_W1,Karnataka,Mysore,Block_1,May,2023,12.8,Pre-monsoon
Block_1_W1,Karnataka,Mysore,Block_1,November,2023,8.8,Post-monsoon
Block_2_W1,Karnataka,Mysore,Block_2,May,2019,18.15,Pre-monsoon
Block_2_W1,Karnataka,Mysore,Block_2,November,2019,15.45,Post-monsoon
Block_2_W1,Karnataka,Mysore,Block_2,May,2020,21.35,Pre-monsoon
Block_2_W1,Karnataka,Mysore,Block_2,November,2020,9.28,Post-monsoon
Block_2_W1,Karnataka,Mysore,Block_2,May,2021,21.24,Pre-monsoon
Block_2_W1,Karnataka,Mysore,Block_2,November,2021,11.31,Post-monsoon
Block_2_W1,Karnataka,Mysore,Block_2,May,2022,15.8,Pre-monsoon
Block_2_W1,Karnataka,Mysore,Block_2,November,2022,16.0,Post-monsoon
Block_2_W1,Karnataka,Mysore,Block_2,May,2023,21.24,Pre-monsoon
Block_2_W1,Karnataka,Mysore,Block_2,November,2023,16.26,Post-monsoon
Block_3_W1,Karnataka,Mysore,Block_3,May,2019,20.67,Pre-monsoon
Block_3_W1,Karnataka,Mysore,Block_3,November,2019,12.93,Post-monsoon
Block_3_W1,Karnataka,Mysore,Block_3,May,2020,15.71,Pre-monsoon
Block_3_W1,Karnataka,Mysore,Block_3,November,2020,12.23,Post-monsoon
Block_3_W1,Karnataka,Mysore,Block_3,May,2021,17.48,Pre-monsoon
Block_3_W1,Karnataka,Mysore,Block_3,November,2021,10.5,Post-monsoon
Block_3_W1,Karnataka,Mysore,Block_3,May,2022,24.32,Pre-monsoon
Block_3_W1,Karnataka,Mysore,Block_3,November,2022,12.87,Post-monsoon
Block_3_W1,Karnataka,Mysore,Block_3,May,2023,21.88,Pre-monsoon
Block_3_W1,Karnataka,Mysore,Block_3,November,2023,13.9,Post-monsoon
Block_4_W1,Karnataka,Mysore,Block_4,May,2019,20.06,Pre-monsoon
Block_4_W1,Karnataka,Mysore,Block_4,November,2019,13.23,Post-monsoon
Block_4_W1,Karnataka,Mysore,Block_4,May,2020,18.46,Pre-monsoon
Block_4_W1,Karnataka,Mysore,Block_4,November,2020,13.42,Post-monsoon
Block_4_W1,Karnataka,Mysore,Block_4,May,2021,14.18,Pre-monsoon
Block_4_W1,Karnataka,Mysore,Block_4,November,2021,15.54,Post-monsoon
Block_4_W1,Karnataka,Mysore,Block_4,May,2022,15.83,Pre-monsoon
Block_4_W1,Karnataka,Mysore,Block_4,November,2022,7.92,Post-monsoon
Block_4_W1,Karnataka,Mysore,Block_4,May,2023,18.65,Pre-monsoon
Block_4_W1,Karnataka,Mysore,Block_4,November,2023,9.22,Post-monsoon
Block_5_W1,Karnataka,Mysore,Block_5,May,2019,23.02,Pre-monsoon
Block_5_W1,Karnataka,Mysore,Block_5,November,2019,17.4,Post-monsoon
Block_5_W1,Karnataka,Mysore,Block_5,May,2020,22.1,Pre-monsoon
Block_5_W1,Karnataka,Mysore,Block_5,November,2020,11.93,Post-monsoon
Block_5_W1,Karnataka,Mysore,Block_5,May,2021,14.81,Pre-monsoon
Block_5_W1,Karnataka,Mysore,Block_5,November,2021,16.76,Post-monsoon
Block_5_W1,Karnataka,Mysore,Block_5,May,2022,16.98,Pre-monsoon
Block_5_W1,Karnataka,Mysore,Block_5,November,2022,17.06,Post-monsoon
Block_5_W1,Karnataka,Mysore,Block_5,May,2023,24.25,Pre-monsoon
Block_5_W1,Karnataka,Mysore,Block_5,November,2023,16.82,Post-monsoon
Block_1_W1,Tamil Nadu,Chennai,Block_1,May,2019,17.57,Pre-monsoon
Block_1_W1,Tamil Nadu,Chennai,Block_1,November,2019,12.48,Post-monsoon
Block_1_W1,Tamil Nadu,Chennai,Block_1,May,2020,23.33,Pre-monsoon
Block_1_W1,Tamil Nadu,Chennai,Block_1,November,2020,11.86,Post-monsoon
Block_1_W1,Tamil Nadu,Chennai,Block_1,May,2021,16.69,Pre-monsoon
Block_1_W1,Tamil Nadu,Chennai,Block_1,November,2021,13.07,Post-monsoon
Block_1_W1,Tamil Nadu,Chennai,Block_1,May,2022,23.66,Pre-monsoon
Block_1_W1,Tamil Nadu,Chennai,Block_1,November,2022,14.88,Post-monsoon
Block_1_W1,Tamil Nadu,Chennai,Block_1,May,2023,19.14,Pre-monsoon
Block_1_W1,Tamil Nadu,Chennai,Block_1,November,2023,9.43,Post-monsoon
Block_2_W1,Tamil Nadu,Chennai,Block_2,May,2019,20.77,Pre-monsoon
Block_2_W1,Tamil Nadu,Chennai,Block_2,November,2019,18.21,Post-monsoon
Block_2_W1,Tamil Nadu,Chennai,Block_2,May,2020,15.71,Pre-monsoon
Block_2_W1,Tamil Nadu,Chennai,Block_2,November,2020,13.27,Post-monsoon
Block_2_W1,Tamil Nadu,Chennai,Block_2,May,2021,22.04,Pre-monsoon
Block_2_W1,Tamil Nadu,Chennai,Block_2,November,2021,16.28,Post-monsoon
Block_2_W1,Tamil Nadu,Chennai,Block_2,May,2022,19.69,Pre-monsoon
Block_2_W1,Tamil Nadu,Chennai,Block_2,November,2022,14.35,Post-monsoon
Block_2_W1,Tamil Nadu,Chennai,Block_2,May,2023,16.66,Pre-monsoon
Block_2_W1,Tamil Nadu,Chennai,Block_2,November,2023,11.39,Post-monsoon
Block_3_W1,Tamil Nadu,Chennai,Block_3,May,2019,20.98,Pre-monsoon
Block_3_W1,Tamil Nadu,Chennai,Block_3,November,2019,15.53,Post-monsoon
Block_3_W1,Tamil Nadu,Chennai,Block_3,May,2020,20.8,Pre-monsoon
Block_3_W1,Tamil Nadu,Chennai,Block_3,November,2020,17.81,Post-monsoon
Block_3_W1,Tamil Nadu,Chennai,Block_3,May,2021,20.08,Pre-monsoon
Block_3_W1,Tamil Nadu,Chennai,Block_3,November,2021,13.1,Post-monsoon
Block_3_W1,Tamil Nadu,Chennai,Block_3,May,2022,21.14,Pre-monsoon
Block_3_W1,Tamil Nadu,Chennai,Block_3,November,2022,14.52,Post-monsoon
Block_3_W1,Tamil Nadu,Chennai,Block_3,May,2023,19.67,Pre-monsoon
Block_3_W1,Tamil Nadu,Chennai,Block_3,November,2023,16.09,Post-monsoon
Block_4_W1,Tamil Nadu,Chennai,Block_4,May,2019,23.26,Pre-monsoon
Block_4_W1,Tamil Nadu,Chennai,Block_4,November,2019,12.13,Post-monsoon
Block_4_W1,Tamil Nadu,Chennai,Block_4,May,2020,17.01,Pre-monsoon
Block_4_W1,Tamil Nadu,Chennai,Block_4,November,2020,9.46,Post-monsoon
Block_4_W1,Tamil Nadu,Chennai,Block_4,May,2021,20.62,Pre-monsoon
Block_4_W1,Tamil Nadu,Chennai,Block_4,November,2021,8.28,Post-monsoon
Block_4_W1,Tamil Nadu,Chennai,Block_4,May,2022,18.5,Pre-monsoon
Block_4_W1,Tamil Nadu,Chennai,Block_4,November,2022,12.92,Post-monsoon
Block_4_W1,Tamil Nadu,Chennai,Block_4,May,2023,17.84,Pre-monsoon
Block_4_W1,Tamil Nadu,Chennai,Block_4,November,2023,14.89,Post-monsoon
Block_5_W1,Tamil Nadu,Chennai,Block_5,May,2019,15.13,Pre-monsoon
Block_5_W1,Tamil Nadu,Chennai,Block_5,November,2019,8.18,Post-monsoon
Block_5_W1,Tamil Nadu,Chennai,Block_5,May,2020,22.05,Pre-monsoon
Block_5_W1,Tamil Nadu,Chennai,Block_5,November,2020,11.01,Post-monsoon
Block_5_W1,Tamil Nadu,Chennai,Block_5,May,2021,13.96,Pre-monsoon
Block_5_W1,Tamil Nadu,Chennai,Block_5,November,2021,13.69,Post-monsoon
Block_5_W1,Tamil Nadu,Chennai,Block_5,May,2022,20.36,Pre-monsoon
Block_5_W1,Tamil Nadu,Chennai,Block_5,November,2022,9.53,Post-monsoon
Block_5_W1,Tamil Nadu,Chennai,Block_5,May,2023,20.57,Pre-monsoon
Block_5_W1,Tamil Nadu,Chennai,Block_5,November,2023,9.42,Post-monsoon
Block_1_W1,Tamil Nadu,Coimbatore,Block_1,May,2019,12.69,Pre-monsoon
Block_1_W1,Tamil Nadu,Coimbatore,Block_1,November,2019,12.32,Post-monsoon
Block_1_W1,Tamil Nadu,Coimbatore,Block_1,May,2020,20.06,Pre-monsoon
Block_1_W1,Tamil Nadu,Coimbatore,Block_1,November,2020,13.44,Post-monsoon
Block_1_W1,Tamil Nadu,Coimbatore,Block_1,May,2021,22.25,Pre-monsoon
Block_1_W1,Tamil Nadu,Coimbatore,Block_1,November,2021,17.16,Post-monsoon
Block_1_W1,Tamil Nadu,Coimbatore,Block_1,May,2022,18.35,Pre-monsoon
Block_1_W1,Tamil Nadu,Coimbatore,Block_1,November,2022,10.97,Post-monsoon
Block_1_W1,Tamil Nadu,Coimbatore,Block_1,May,2023,22.04,Pre-monsoon
Block_1_W1,Tamil Nadu,Coimbatore,Block_1,November,2023,10.01,Post-monsoon
Block_2_W1,Tamil Nadu,Coimbatore,Block_2,May,2019,18.84,Pre-monsoon
Block_2_W1,Tamil Nadu,Coimbatore,Block_2,November,2019,9.54,Post-monsoon
Block_2_W1,Tamil Nadu,Coimbatore,Block_2,May,2020,12.92,Pre-monsoon
Block_2_W1,Tamil Nadu,Coimbatore,Block_2,November,2020,17.36,Post-monsoon
Block_2_W1,Tamil Nadu,Coimbatore,Block_2,May,2021,22.14,Pre-monsoon
Block_2_W1,Tamil Nadu,Coimbatore,Block_2,November,2021,15.4,Post-monsoon
Block_2_W1,Tamil Nadu,Coimbatore,Block_2,May,2022,16.36,Pre-monsoon
Block_2_W1,Tamil Nadu,Coimbatore,Block_2,November,2022,9.92,Post-monsoon
Block_2_W1,Tamil Nadu,Coimbatore,Block_2,May,2023,14.36,Pre-monsoon
Block_2_W1,Tamil Nadu,Coimbatore,Block_2,November,2023,10.33,Post-monsoon
Block_3_W1,Tamil Nadu,Coimbatore,Block_3,May,2019,20.16,Pre-monsoon
Block_3_W1,Tamil Nadu,Coimbatore,Block_3,November,2019,14.15,Post-monsoon
Block_3_W1,Tamil Nadu,Coimbatore,Block_3,May,2020,21.19,Pre-monsoon
Block_3_W1,Tamil Nadu,Coimbatore,Block_3,November,2020,10.51,Post-monsoon
Block_3_W1,Tamil Nadu,Coimbatore,Block_3,May,2021,23.51,Pre-monsoon
Block_3_W1,Tamil Nadu,Coimbatore,Block_3,November,2021,14.56,Post-monsoon
Block_3_W1,Tamil Nadu,Coimbatore,Block_3,May,2022,17.8,Pre-monsoon
Block_3_W1,Tamil Nadu,Coimbatore,Block_3,November,2022,14.08,Post-monsoon
Block_3_W1,Tamil Nadu,Coimbatore,Block_3,May,2023,17.31,Pre-monsoon
Block_3_W1,Tamil Nadu,Coimbatore,Block_3,November,2023,9.61,Post-monsoon
Block_4_W1,Tamil Nadu,Coimbatore,Block_4,May,2019,17.73,Pre-monsoon
Block_4_W1,Tamil Nadu,Coimbatore,Block_4,November,2019,15.7,Post-monsoon
Block_4_W1,Tamil Nadu,Coimbatore,Block_4,May,2020,12.39,Pre-monsoon
Block_4_W1,Tamil Nadu,Coimbatore,Block_4,November,2020,9.37,Post-monsoon
Block_4_W1,Tamil Nadu,Coimbatore,Block_4,May,2021,14.51,Pre-monsoon
Block_4_W1,Tamil Nadu,Coimbatore,Block_4,November,2021,9.02,Post-monsoon
Block_4_W1,Tamil Nadu,Coimbatore,Block_4,May,2022,23.11,Pre-monsoon
Block_4_W1,Tamil Nadu,Coimbatore,Block_4,November,2022,15.69,Post-monsoon
Block_4_W1,Tamil Nadu,Coimbatore,Block_4,May,2023,18.18,Pre-monsoon
Block_4_W1,Tamil Nadu,Coimbatore,Block_4,November,2023,8.13,Post-monsoon
Block_5_W1,Tamil Nadu,Coimbatore,Block_5,May,2019,19.39,Pre-monsoon
Block_5_W1,Tamil Nadu,Coimbatore,Block_5,November,2019,12.4,Post-monsoon
Block_5_W1,Tamil Nadu,Coimbatore,Block_5,May,2020,15.77,Pre-monsoon
Block_5_W1,Tamil Nadu,Coimbatore,Block_5,November,2020,12.75,Post-monsoon
Block_5_W1,Tamil Nadu,Coimbatore,Block_5,May,2021,16.79,Pre-monsoon
Block_5_W1,Tamil Nadu,Coimbatore,Block_5,November,2021,14.19,Post-monsoon
Block_5_W1,Tamil Nadu,Coimbatore,Block_5,May,2022,20.74,Pre-monsoon
Block_5_W1,Tamil Nadu,Coimbatore,Block_5,November,2022,7.75,Post-monsoon
Block_5_W1,Tamil Nadu,Coimbatore,Block_5,May,2023,18.3,Pre-monsoon
Block_5_W1,Tamil Nadu,Coimbatore,Block_5,November,2023,14.13,Post-monsoon
Block_1_W1,Uttar Pradesh,Lucknow,Block_1,May,2019,19.16,Pre-monsoon
Block_1_W1,Uttar Pradesh,Lucknow,Block_1,November,2019,16.01,Post-monsoon
Block_1_W1,Uttar Pradesh,Lucknow,Block_1,May,2020,20.68,Pre-monsoon
Block_1_W1,Uttar Pradesh,Lucknow,Block_1,November,2020,10.1,Post-monsoon
Block_1_W1,Uttar Pradesh,Lucknow,Block_1,May,2021,14.56,Pre-monsoon
Block_1_W1,Uttar Pradesh,Lucknow,Block_1,November,2021,15.29,Post-monsoon
Block_1_W1,Uttar Pradesh,Lucknow,Block_1,May,2022,12.74,Pre-monsoon
Block_1_W1,Uttar Pradesh,Lucknow,Block_1,November,2022,13.7,Post-monsoon
Block_1_W1,Uttar Pradesh,Lucknow,Block_1,May,2023,24.02,Pre-monsoon
Block_1_W1,Uttar Pradesh,Lucknow,Block_1,November,2023,14.33,Post-monsoon
Block_2_W1,Uttar Pradesh,Lucknow,Block_2,May,2019,18.36,Pre-monsoon
Block_2_W1,Uttar Pradesh,Lucknow,Block_2,November,2019,14.25,Post-monsoon
Block_2_W1,Uttar Pradesh,Lucknow,Block_2,May,2020,17.59,Pre-monsoon
Block_2_W1,Uttar Pradesh,Lucknow,Block_2,November,2020,13.22,Post-monsoon
Block_2_W1,Uttar Pradesh,Lucknow,Block_2,May,2021,21.9,Pre-monsoon
Block_2_W1,Uttar Pradesh,Lucknow,Block_2,November,2021,12.04,Post-monsoon
Block_2_W1,Uttar Pradesh,Lucknow,Block_2,May,2022,24.11,Pre-monsoon
Block_2_W1,Uttar Pradesh,Lucknow,Block_2,November,2022,16.78,Post-monsoon
Block_2_W1,Uttar Pradesh,Lucknow,Block_2,May,2023,13.98,Pre-monsoon
Block_2_W1,Uttar Pradesh,Lucknow,Block_2,November,2023,7.75,Post-monsoon
Block_3_W1,Uttar Pradesh,Lucknow,Block_3,May,2019,14.86,Pre-monsoon
Block_3_W1,Uttar Pradesh,Lucknow,Block_3,November,2019,8.85,Post-monsoon
Block_3_W1,Uttar Pradesh,Lucknow,Block_3,May,2020,14.84,Pre-monsoon
Block_3_W1,Uttar Pradesh,Lucknow,Block_3,November,2020,14.87,Post-monsoon
Block_3_W1,Uttar Pradesh,Lucknow,Block_3,May,2021,14.61,Pre-monsoon
Block_3_W1,Uttar Pradesh,Lucknow,Block_3,November,2021,12.07,Post-monsoon
Block_3_W1,Uttar Pradesh,Lucknow,Block_3,May,2022,22.79,Pre-monsoon
Block_3_W1,Uttar Pradesh,Lucknow,Block_3,November,2022,8.09,Post-monsoon
Block_3_W1,Uttar Pradesh,Lucknow,Block_3,May,2023,22.43,Pre-monsoon
Block_3_W1,Uttar Pradesh,Lucknow,Block_3,November,2023,11.5,Post-monsoon
Block_4_W1,Uttar Pradesh,Lucknow,Block_4,May,2019,16.07,Pre-monsoon
Block_4_W1,Uttar Pradesh,Lucknow,Block_4,November,2019,15.57,Post-monsoon
Block_4_W1,Uttar Pradesh,Lucknow,Block_4,May,2020,20.19,Pre-monsoon
Block_4_W1,Uttar Pradesh,Lucknow,Block_4,November,2020,16.74,Post-monsoon
Block_4_W1,Uttar Pradesh,Lucknow,Block_4,May,2021,19.66,Pre-monsoon
Block_4_W1,Uttar Pradesh,Lucknow,Block_4,November,2021,15.2,Post-monsoon
Block_4_W1,Uttar Pradesh,Lucknow,Block_4,May,2022,16.88,Pre-monsoon
Block_4_W1,Uttar Pradesh,Lucknow,Block_4,November,2022,9.77,Post-monsoon
Block_4_W1,Uttar Pradesh,Lucknow,Block_4,May,2023,20.41,Pre-monsoon
Block_4_W1,Uttar Pradesh,Lucknow,Block_4,November,2023,16.53,Post-monsoon
Block_5_W1,Uttar Pradesh,Lucknow,Block_5,May,2019,22.11,Pre-monsoon
Block_5_W1,Uttar Pradesh,Lucknow,Block_5,November,2019,11.44,Post-monsoon
Block_5_W1,Uttar Pradesh,Lucknow,Block_5,May,2020,16.76,Pre-monsoon
Block_5_W1,Uttar Pradesh,Lucknow,Block_5,November,2020,15.03,Post-monsoon
Block_5_W1,Uttar Pradesh,Lucknow,Block_5,May,2021,15.55,Pre-monsoon
Block_5_W1,Uttar Pradesh,Lucknow,Block_5,November,2021,17.62,Post-monsoon
Block_5_W1,Uttar Pradesh,Lucknow,Block_5,May,2022,23.5,Pre-monsoon
Block_5_W1,Uttar Pradesh,Lucknow,Block_5,November,2022,11.43,Post-monsoon
Block_5_W1,Uttar Pradesh,Lucknow,Block_5,May,2023,21.76,Pre-monsoon
Block_5_W1,Uttar Pradesh,Lucknow,Block_5,November,2023,15.11,Post-monsoon
Block_1_W1,Uttar Pradesh,Kanpur,Block_1,May,2019,15.31,Pre-monsoon
Block_1_W1,Uttar Pradesh,Kanpur,Block_1,November,2019,16.52,Post-monsoon
Block_1_W1,Uttar Pradesh,Kanpur,Block_1,May,2020,17.12,Pre-monsoon
Block_1_W1,Uttar Pradesh,Kanpur,Block_1,November,2020,15.76,Post-monsoon
Block_1_W1,Uttar Pradesh,Kanpur,Block_1,May,2021,16.67,Pre-monsoon
Block_1_W1,Uttar Pradesh,Kanpur,Block_1,November,2021,17.47,Post-monsoon
Block_1_W1,Uttar Pradesh,Kanpur,Block_1,May,2022,17.94,Pre-monsoon
Block_1_W1,Uttar Pradesh,Kanpur,Block_1,November,2022,8.66,Post-monsoon
Block_1_W1,Uttar Pradesh,Kanpur,Block_1,May,2023,21.87,Pre-monsoon
Block_1_W1,Uttar Pradesh,Kanpur,Block_1,November,2023,8.89,Post-monsoon
Block_2_W1,Uttar Pradesh,Kanpur,Block_2,May,2019,16.47,Pre-monsoon
Block_2_W1,Uttar Pradesh,Kanpur,Block_2,November,2019,16.63,Post-monsoon
Block_2_W1,Uttar Pradesh,Kanpur,Block_2,May,2020,22.0,Pre-monsoon
Block_2_W1,Uttar Pradesh,Kanpur,Block_2,November,2020,13.01,Post-monsoon
Block_2_W1,Uttar Pradesh,Kanpur,Block_2,May,2021,20.4,Pre-monsoon
Block_2_W1,Uttar Pradesh,Kanpur,Block_2,November,2021,12.31,Post-monsoon
Block_2_W1,Uttar Pradesh,Kanpur,Block_2,May,2022,15.18,Pre-monsoon
Block_2_W1,Uttar Pradesh,Kanpur,Block_2,November,2022,12.09,Post-monsoon
Block_2_W1,Uttar Pradesh,Kanpur,Block_2,May,2023,20.69,Pre-monsoon
Block_2_W1,Uttar Pradesh,Kanpur,Block_2,November,2023,15.85,Post-monsoon
Block_3_W1,Uttar Pradesh,Kanpur,Block_3,May,2019,22.77,Pre-monsoon
Block_3_W1,Uttar Pradesh,Kanpur,Block_3,November,2019,16.02,Post-monsoon
Block_3_W1,Uttar Pradesh,Kanpur,Block_3,May,2020,14.21,Pre-monsoon
Block_3_W1,Uttar Pradesh,Kanpur,Block_3,November,2020,12.05,Post-monsoon
Block_3_W1,Uttar Pradesh,Kanpur,Block_3,May,2021,13.83,Pre-monsoon
Block_3_W1,Uttar Pradesh,Kanpur,Block_3,November,2021,13.02,Post-monsoon
Block_3_W1,Uttar Pradesh,Kanpur,Block_3,May,2022,17.61,Pre-monsoon
Block_3_W1,Uttar Pradesh,Kanpur,Block_3,November,2022,17.84,Post-monsoon
Block_3_W1,Uttar Pradesh,Kanpur,Block_3,May,2023,18.46,Pre-monsoon
Block_3_W1,Uttar Pradesh,Kanpur,Block_3,November,2023,9.48,Post-monsoon
Block_4_W1,Uttar Pradesh,Kanpur,Block_4,May,2019,16.11,Pre-monsoon
Block_4_W1,Uttar Pradesh,Kanpur,Block_4,November,2019,15.75,Post-monsoon
Block_4_W1,Uttar Pradesh,Kanpur,Block_4,May,2020,18.82,Pre-monsoon
Block_4_W1,Uttar Pradesh,Kanpur,Block_4,November,2020,9.96,Post-monsoon
Block_4_W1,Uttar Pradesh,Kanpur,Block_4,May,2021,14.8,Pre-monsoon
Block_4_W1,Uttar Pradesh,Kanpur,Block_4,November,2021,14.71,Post-monsoon
Block_4_W1,Uttar Pradesh,Kanpur,Block_4,May,2022,15.32,Pre-monsoon
Block_4_W1,Uttar Pradesh,Kanpur,Block_4,November,2022,15.52,Post-monsoon
Block_4_W1,Uttar Pradesh,Kanpur,Block_4,May,2023,21.97,Pre-monsoon
Block_4_W1,Uttar Pradesh,Kanpur,Block_4,November,2023,8.32,Post-monsoon
Block_5_W1,Uttar Pradesh,Kanpur,Block_5,May,2019,15.45,Pre-monsoon
Block_5_W1,Uttar Pradesh,Kanpur,Block_5,November,2019,17.99,Post-monsoon
Block_5_W1,Uttar Pradesh,Kanpur,Block_5,May,2020,18.06,Pre-monsoon
Block_5_W1,Uttar Pradesh,Kanpur,Block_5,November,2020,10.94,Post-monsoon
Block_5_W1,Uttar Pradesh,Kanpur,Block_5,May,2021,22.41,Pre-monsoon
Block_5_W1,Uttar Pradesh,Kanpur,Block_5,November,2021,17.92,Post-monsoon
Block_5_W1,Uttar Pradesh,Kanpur,Block_5,May,2022,22.25,Pre-monsoon
Block_5_W1,Uttar Pradesh,Kanpur,Block_5,November,2022,15.95,Post-monsoon
Block_5_W1,Uttar Pradesh,Kanpur,Block_5,May,2023,18.53,Pre-monsoon
Block_5_W1,Uttar Pradesh,Kanpur,Block_5,November,2023,8.0,Post-monsoon
Block_1_W2,Maharashtra,Pune,Block_1,May,2019,22.16,Pre-monsoon
Block_1_W2,Maharashtra,Pune,Block_1,November,2019,13.55,Post-monsoon
Block_1_W2,Maharashtra,Pune,Block_1,May,2020,16.59,Pre-monsoon
Block_1_W2,Maharashtra,Pune,Block_1,November,2020,17.95,Post-monsoon
Block_1_W2,Maharashtra,Pune,Block_1,May,2021,15.17,Pre-monsoon
Block_1_W2,Maharashtra,Pune,Block_1,November,2021,13.26,Post-monsoon
Block_1_W2,Maharashtra,Pune,Block_1,May,2022,12.72,Pre-monsoon
Block_1_W2,Maharashtra,Pune,Block_1,November,2022,12.51,Post-monsoon
Block_1_W2,Maharashtra,Pune,Block_1,May,2023,12.76,Pre-monsoon
Block_1_W2,Maharashtra,Pune,Block_1,November,2023,9.28,Post-monsoon
Block_2_W2,Maharashtra,Pune,Block_2,May,2019,13.98,Pre-monsoon
Block_2_W2,Maharashtra,Pune,Block_2,November,2019,14.52,Post-monsoon
Block_2_W2,Maharashtra,Pune,Block_2,May,2020,20.39,Pre-monsoon
Block_2_W2,Maharashtra,Pune,Block_2,November,2020,13.75,Post-monsoon
Block_2_W2,Maharashtra,Pune,Block_2,May,2021,21.66,Pre-monsoon
Block_2_W2,Maharashtra,Pune,Block_2,November,2021,12.32,Post-monsoon
Block_2_W2,Maharashtra,Pune,Block_2,May,2022,16.03,Pre-monsoon
Block_2_W2,Maharashtra,Pune,Block_2,November,2022,16.2,Post-monsoon
Block_2_W2,Maharashtra,Pune,Block_2,May,2023,16.04,Pre-monsoon
Block_2_W2,Maharashtra,Pune,Block_2,November,2023,17.29,Post-monsoon
Block_3_W2,Maharashtra,Pune,Block_3,May,2019,14.21,Pre-monsoon
Block_3_W2,Maharashtra,Pune,Block_3,November,2019,17.74,Post-monsoon
Block_3_W2,Maharashtra,Pune,Block_3,May,2020,14.77,Pre-monsoon
Block_3_W2,Maharashtra,Pune,Block_3,November,2020,17.67,Post-monsoon
Block_3_W2,Maharashtra,Pune,Block_3,May,2021,18.72,Pre-monsoon
Block_3_W2,Maharashtra,Pune,Block_3,November,2021,18.67,Post-monsoon
Block_3_W2,Maharashtra,Pune,Block_3,May,2022,13.46,Pre-monsoon
Block_3_W2,Maharashtra,Pune,Block_3,November,2022,13.44,Post-monsoon
Block_3_W2,Maharashtra,Pune,Block_3,May,2023,22.12,Pre-monsoon
Block_3_W2,Maharashtra,Pune,Block_3,November,2023,13.78,Post-monsoon
Block_4_W2,Maharashtra,Pune,Block_4,May,2019,20.15,Pre-monsoon
Block_4_W2,Maharashtra,Pune,Block_4,November,2019,14.09,Post-monsoon
Block_4_W2,Maharashtra,Pune,Block_4,May,2020,18.22,Pre-monsoon
Block_4_W2,Maharashtra,Pune,Block_4,November,2020,15.09,Post-monsoon
Block_4_W2,Maharashtra,Pune,Block_4,May,2021,18.82,Pre-monsoon
Block_4_W2,Maharashtra,Pune,Block_4,November,2021,17.01,Post-monsoon
Block_4_W2,Maharashtra,Pune,Block_4,May,2022,12.72,Pre-monsoon
Block_4_W2,Maharashtra,Pune,Block_4,November,2022,11.12,Post-monsoon
Block_4_W2,Maharashtra,Pune,Block_4,May,2023,21.6,Pre-monsoon
Block_4_W2,Maharashtra,Pune,Block_4,November,2023,16.66,Post-monsoon
Block_5_W2,Maharashtra,Pune,Block_5,May,2019,17.75,Pre-monsoon
Block_5_W2,Maharashtra,Pune,Block_5,November,2019,15.13,Post-monsoon
Block_5_W2,Maharashtra,Pune,Block_5,May,2020,16.48,Pre-monsoon
Block_5_W2,Maharashtra,Pune,Block_5,November,2020,9.93,Post-monsoon
Block_5_W2,Maharashtra,Pune,Block_5,May,2021,19.04,Pre-monsoon
Block_5_W2,Maharashtra,Pune,Block_5,November,2021,12.12,Post-monsoon
Block_5_W2,Maharashtra,Pune,Block_5,May,2022,18.34,Pre-monsoon
Block_5_W2,Maharashtra,Pune,Block_5,November,2022,9.05,Post-monsoon
Block_5_W2,Maharashtra,Pune,Block_5,May,2023,23.65,Pre-monsoon
Block_5_W2,Maharashtra,Pune,Block_5,November,2023,17.65,Post-monsoon
Block_1_W2,Maharashtra,Nagpur,Block_1,May,2019,19.08,Pre-monsoon
Block_1_W2,Maharashtra,Nagpur,Block_1,November,2019,13.43,Post-monsoon
Block_1_W2,Maharashtra,Nagpur,Block_1,May,2020,15.25,Pre-monsoon
Block_1_W2,Maharashtra,Nagpur,Block_1,November,2020,16.53,Post-monsoon
Block_1_W2,Maharashtra,Nagpur,Block_1,May,2021,20.97,Pre-monsoon
Block_1_W2,Maharashtra,Nagpur,Block_1,November,2021,9.26,Post-monsoon
Block_1_W2,Maharashtra,Nagpur,Block_1,May,2022,23.25,Pre-monsoon
Block_1_W2,Maharashtra,Nagpur,Block_1,November,2022,17.04,Post-monsoon
Block_1_W2,Maharashtra,Nagpur,Block_1,May,2023,22.52,Pre-monsoon
Block_1_W2,Maharashtra,Nagpur,Block_1,November,2023,16.22,Post-monsoon
Block_2_W2,Maharashtra,Nagpur,Block_2,May,2019,18.37,Pre-monsoon
Block_2_W2,Maharashtra,Nagpur,Block_2,November,2019,11.59,Post-monsoon
Block_2_W2,Maharashtra,Nagpur,Block_2,May,2020,22.97,Pre-monsoon
Block_2_W2,Maharashtra,Nagpur,Block_2,November,2020,17.45,Post-monsoon
Block_2_W2,Maharashtra,Nagpur,Block_2,May,2021,13.81,Pre-monsoon
Block_2_W2,Maharashtra,Nagpur,Block_2,November,2021,7.57,Post-monsoon
Block_2_W2,Maharashtra,Nagpur,Block_2,May,2022,17.34,Pre-monsoon
Block_2_W2,Maharashtra,Nagpur,Block_2,November,2022,16.34,Post-monsoon
Block_2_W2,Maharashtra,Nagpur,Block_2,May,2023,22.12,Pre-monsoon
Block_2_W2,Maharashtra,Nagpur,Block_2,November,2023,10.27,Post-monsoon
Block_3_W2,Maharashtra,Nagpur,Block_3,May,2019,18.68,Pre-monsoon
Block_3_W2,Maharashtra,Nagpur,Block_3,November,2019,11.82,Post-monsoon
Block_3_W2,Maharashtra,Nagpur,Block_3,May,2020,24.31,Pre-monsoon
Block_3_W2,Maharashtra,Nagpur,Block_3,November,2020,16.26,Post-monsoon
Block_3_W2,Maharashtra,Nagpur,Block_3,May,2021,23.31,Pre-monsoon
Block_3_W2,Maharashtra,Nagpur,Block_3,November,2021,13.02,Post-monsoon
Block_3_W2,Maharashtra,Nagpur,Block_3,May,2022,16.69,Pre-monsoon
Block_3_W2,Maharashtra,Nagpur,Block_3,November,2022,10.07,Post-monsoon
Block_3_W2,Maharashtra,Nagpur,Block_3,May,2023,14.54,Pre-monsoon
Block_3_W2,Maharashtra,Nagpur,Block_3,November,2023,16.5,Post-monsoon
Block_4_W2,Maharashtra,Nagpur,Block_4,May,2019,21.8,Pre-monsoon
Block_4_W2,Maharashtra,Nagpur,Block_4,November,2019,17.02,Post-monsoon
Block_4_W2,Maharashtra,Nagpur,Block_4,May,2020,22.65,Pre-monsoon
Block_4_W2,Maharashtra,Nagpur,Block_4,November,2020,13.61,Post-monsoon
Block_4_W2,Maharashtra,Nagpur,Block_4,May,2021,22.61,Pre-monsoon
Block_4_W2,Maharashtra,Nagpur,Block_4,November,2021,18.23,Post-monsoon
Block_4_W2,Maharashtra,Nagpur,Block_4,May,2022,21.1,Pre-monsoon
Block_4_W2,Maharashtra,Nagpur,Block_4,November,2022,10.94,Post-monsoon
Block_4_W2,Maharashtra,Nagpur,Block_4,May,2023,16.72,Pre-monsoon
Block_4_W2,Maharashtra,Nagpur,Block_4,November,2023,10.01,Post-monsoon
Block_5_W2,Maharashtra,Nagpur,Block_5,May,2019,22.31,Pre-monsoon
Block_5_W2,Maharashtra,Nagpur,Block_5,November,2019,14.14,Post-monsoon
Block_5_W2,Maharashtra,Nagpur,Block_5,May,2020,16.89,Pre-monsoon
Block_5_W2,Maharashtra,Nagpur,Block_5,November,2020,14.35,Post-monsoon
Block_5_W2,Maharashtra,Nagpur,Block_5,May,2021,20.41,Pre-monsoon
Block_5_W2,Maharashtra,Nagpur,Block_5,November,2021,12.22,Post-monsoon
Block_5_W2,Maharashtra,Nagpur,Block_5,May,2022,14.17,Pre-monsoon
Block_5_W2,Maharashtra,Nagpur,Block_5,November,2022,14.43,Post-monsoon
Block_5_W2,Maharashtra,Nagpur,Block_5,May,2023,20.17,Pre-monsoon
Block_5_W2,Maharashtra,Nagpur,Block_5,November,2023,16.38,Post-monsoon
Block_1_W2,Karnataka,Bangalore Urban,Block_1,May,2019,19.8,Pre-monsoon
Block_1_W2,Karnataka,Bangalore Urban,Block_1,November,2019,15.87,Post-monsoon
Block_1_W2,Karnataka,Bangalore Urban,Block_1,May,2020,18.83,Pre-monsoon
Block_1_W2,Karnataka,Bangalore Urban,Block_1,November,2020,14.26,Post-monsoon
Block_1_W2,Karnataka,Bangalore Urban,Block_1,May,2021,22.23,Pre-monsoon
Block_1_W2,Karnataka,Bangalore Urban,Block_1,November,2021,11.51,Post-monsoon
Block_1_W2,Karnataka,Bangalore Urban,Block_1,May,2022,16.04,Pre-monsoon
Block_1_W2,Karnataka,Bangalore Urban,Block_1,November,2022,7.98,Post-monsoon
Block_1_W2,Karnataka,Bangalore Urban,Block_1,May,2023,20.38,Pre-monsoon
Block_1_W2,Karnataka,Bangalore Urban,Block_1,November,2023,14.7,Post-monsoon
Block_2_W2,Karnataka,Bangalore Urban,Block_2,May,2019,21.78,Pre-monsoon
Block_2_W2,Karnataka,Bangalore Urban,Block_2,November,2019,10.37,Post-monsoon
Block_2_W2,Karnataka,Bangalore Urban,Block_2,May,2020,15.23,Pre-monsoon
Block_2_W2,Karnataka,Bangalore Urban,Block_2,November,2020,8.83,Post-monsoon
Block_2_W2,Karnataka,Bangalore Urban,Block_2,May,2021,17.71,Pre-monsoon
Block_2_W2,Karnataka,Bangalore Urban,Block_2,November,2021,14.86,Post-monsoon
Block_2_W2,Karnataka,Bangalore Urban,Block_2,May,2022,18.07,Pre-monsoon
Block_2_W2,Karnataka,Bangalore Urban,Block_2,November,2022,11.63,Post-monsoon
Block_2_W2,Karnataka,Bangalore Urban,Block_2,May,2023,21.58,Pre-monsoon
Block_2_W2,Karnataka,Bangalore Urban,Block_2,November,2023,11.13,Post-monsoon
Block_3_W2,Karnataka,Bangalore Urban,Block_3,May,2019,20.05,Pre-monsoon
Block_3_W2,Karnataka,Bangalore Urban,Block_3,November,2019,14.98,Post-monsoon
Block_3_W2,Karnataka,Bangalore Urban,Block_3,May,2020,18.53,Pre-monsoon
Block_3_W2,Karnataka,Bangalore Urban,Block_3,November,2020,14.93,Post-monsoon
Block_3_W2,Karnataka,Bangalore Urban,Block_3,May,2021,21.37,Pre-monsoon
Block_3_W2,Karnataka,Bangalore Urban,Block_3,November,2021,18.17,Post-monsoon
Block_3_W2,Karnataka,Bangalore Urban,Block_3,May,2022,14.81,Pre-monsoon
Block_3_W2,Karnataka,Bangalore Urban,Block_3,November,2022,17.55,Post-monsoon
Block_3_W2,Karnataka,Bangalore Urban,Block_3,May,2023,18.0,Pre-monsoon
Block_3_W2,Karnataka,Bangalore Urban,Block_3,November,2023,10.61,Post-monsoon
Block_4_W2,Karnataka,Bangalore Urban,Block_4,May,2019,17.08,Pre-monsoon
Block_4_W2,Karnataka,Bangalore Urban,Block_4,November,2019,17.23,Post-monsoon
Block_4_W2,Karnataka,Bangalore Urban,Block_4,May,2020,19.83,Pre-monsoon
Block_4_W2,Karnataka,Bangalore Urban,Block_4,November,2020,10.9,Post-monsoon
Block_4_W2,Karnataka,Bangalore Urban,Block_4,May,2021,20.3,Pre-monsoon
Block_4_W2,Karnataka,Bangalore Urban,Block_4,November,2021,11.28,Post-monsoon
Block_4_W2,Karnataka,Bangalore Urban,Block_4,May,2022,15.08,Pre-monsoon
Block_4_W2,Karnataka,Bangalore Urban,Block_4,November,2022,9.82,Post-monsoon
Block_4_W2,Karnataka,Bangalore Urban,Block_4,May,2023,16.19,Pre-monsoon
Block_4_W2,Karnataka,Bangalore Urban,Block_4,November,2023,9.85,Post-monsoon
Block_5_W2,Karnataka,Bangalore Urban,Block_5,May,2019,14.1,Pre-monsoon
Block_5_W2,Karnataka,Bangalore Urban,Block_5,November,2019,15.22,Post-monsoon
Block_5_W2,Karnataka,Bangalore Urban,Block_5,May,2020,14.33,Pre-monsoon
Block_5_W2,Karnataka,Bangalore Urban,Block_5,November,2020,11.58,Post-monsoon
Block_5_W2,Karnataka,Bangalore Urban,Block_5,May,2021,21.98,Pre-monsoon
Block_5_W2,Karnataka,Bangalore Urban,Block_5,November,2021,12.63,Post-monsoon
Block_5_W2,Karnataka,Bangalore Urban,Block_5,May,2022,19.97,Pre-monsoon
Block_5_W2,Karnataka,Bangalore Urban,Block_5,November,2022,10.45,Post-monsoon
Block_5_W2,Karnataka,Bangalore Urban,Block_5,May,2023,15.77,Pre-monsoon
Block_5_W2,Karnataka,Bangalore Urban,Block_5,November,2023,8.17,Post-monsoon
Block_1_W2,Karnataka,Mysore,Block_1,May,2019,14.19,Pre-monsoon
Block_1_W2,Karnataka,Mysore,Block_1,November,2019,10.01,Post-monsoon
Block_1_W2,Karnataka,Mysore,Block_1,May,2020,13.88,Pre-monsoon
Block_1_W2,Karnataka,Mysore,Block_1,November,2020,7.97,Post-monsoon
Block_1_W2,Karnataka,Mysore,Block_1,May,2021,15.2,Pre-monsoon
Block_1_W2,Karnataka,Mysore,Block_1,November,2021,13.44,Post-monsoon
Block_1_W2,Karnataka,Mysore,Block_1,May,2022,16.6,Pre-monsoon
Block_1_W2,Karnataka,Mysore,Block_1,November,2022,12.36,Post-monsoon
Block_1_W2,Karnataka,Mysore,Block_1,May,2023,18.79,Pre-monsoon
Block_1_W2,Karnataka,Mysore,Block_1,November,2023,15.73,Post-monsoon
Block_2_W2,Karnataka,Mysore,Block_2,May,2019,13.01,Pre-monsoon
Block_2_W2,Karnataka,Mysore,Block_2,November,2019,16.6,Post-monsoon
Block_2_W2,Karnataka,Mysore,Block_2,May,2020,19.09,Pre-monsoon
Block_2_W2,Karnataka,Mysore,Block_2,November,2020,9.74,Post-monsoon
Block_2_W2,Karnataka,Mysore,Block_2,May,2021,22.33,Pre-monsoon
Block_2_W2,Karnataka,Mysore,Block_2,November,2021,16.82,Post-monsoon
Block_2_W2,Karnataka,Mysore,Block_2,May,2022,12.73,Pre-monsoon
Block_2_W2,Karnataka,Mysore,Block_2,November,2022,10.33,Post-monsoon
Block_2_W2,Karnataka,Mysore,Block_2,May,2023,21.42,Pre-monsoon
Block_2_W2,Karnataka,Mysore,Block_2,November,2023,14.71,Post-monsoon
Block_3_W2,Karnataka,Mysore,Block_3,May,2019,14.79,Pre-monsoon
Block_3_W2,Karnataka,Mysore,Block_3,November,2019,10.17,Post-monsoon
Block_3_W2,Karnataka,Mysore,Block_3,May,2020,15.83,Pre-monsoon
Block_3_W2,Karnataka,Mysore,Block_3,November,2020,12.33,Post-monsoon
Block_3_W2,Karnataka,Mysore,Block_3,May,2021,21.14,Pre-monsoon
Block_3_W2,Karnataka,Mysore,Block_3,November,2021,11.63,Post-monsoon
Block_3_W2,Karnataka,Mysore,Block_3,May,2022,16.64,Pre-monsoon
Block_3_W2,Karnataka,Mysore,Block_3,November,2022,15.67,Post-monsoon
Block_3_W2,Karnataka,Mysore,Block_3,May,2023,14.28,Pre-monsoon
Block_3_W2,Karnataka,Mysore,Block_3,November,2023,10.12,Post-monsoon
Block_4_W2,Karnataka,Mysore,Block_4,May,2019,20.5,Pre-monsoon
Block_4_W2,Karnataka,Mysore,Block_4,November,2019,16.05,Post-monsoon
Block_4_W2,Karnataka,Mysore,Block_4,May,2020,18.58,Pre-monsoon
Block_4_W2,Karnataka,Mysore,Block_4,November,2020,14.03,Post-monsoon
Block_4_W2,Karnataka,Mysore,Block_4,May,2021,13.49,Pre-monsoon
Block_4_W2,Karnataka,Mysore,Block_4,November,2021,12.66,Post-monsoon
Block_4_W2,Karnataka,Mysore,Block_4,May,2022,18.25,Pre-monsoon
Block_4_W2,Karnataka,Mysore,Block_4,November,2022,9.8,Post-monsoon
Block_4_W2,Karnataka,Mysore,Block_4,May,2023,15.3,Pre-monsoon
Block_4_W2,Karnataka,Mysore,Block_4,November,2023,11.25,Post-monsoon
Block_5_W2,Karnataka,Mysore,Block_5,May,2019,15.11,Pre-monsoon
Block_5_W2,Karnataka,Mysore,Block_5,November,2019,10.29,Post-monsoon
Block_5_W2,Karnataka,Mysore,Block_5,May,2020,16.13,Pre-monsoon
Block_5_W2,Karnataka,Mysore,Block_5,November,2020,12.27,Post-monsoon
Block_5_W2,Karnataka,Mysore,Block_5,May,2021,15.8,Pre-monsoon
Block_5_W2,Karnataka,Mysore,Block_5,November,2021,16.95,Post-monsoon
Block_5_W2,Karnataka,Mysore,Block_5,May,2022,20.01,Pre-monsoon
Block_5_W2,Karnataka,Mysore,Block_5,November,2022,15.45,Post-monsoon
Block_5_W2,Karnataka,Mysore,Block_5,May,2023,22.73,Pre-monsoon
Block_5_W2,Karnataka,Mysore,Block_5,November,2023,12.21,Post-monsoon
Block_1_W2,Tamil Nadu,Chennai,Block_1,May,2019,14.36,Pre-monsoon
Block_1_W2,Tamil Nadu,Chennai,Block_1,November,2019,14.19,Post-monsoon
Block_1_W2,Tamil Nadu,Chennai,Block_1,May,2020,20.48,Pre-monsoon
Block_1_W2,Tamil Nadu,Chennai,Block_1,November,2020,16.11,Post-monsoon
Block_1_W2,Tamil Nadu,Chennai,Block_1,May,2021,16.41,Pre-monsoon
Block_1_W2,Tamil Nadu,Chennai,Block_1,November,2021,9.42,Post-monsoon
Block_1_W2,Tamil Nadu,Chennai,Block_1,May,2022,16.91,Pre-monsoon
Block_1_W2,Tamil Nadu,Chennai,Block_1,November,2022,11.49,Post-monsoon
Block_1_W2,Tamil Nadu,Chennai,Block_1,May,2023,19.11,Pre-monsoon
Block_1_W2,Tamil Nadu,Chennai,Block_1,November,2023,13.58,Post-monsoon
Block_2_W2,Tamil Nadu,Chennai,Block_2,May,2019,16.74,Pre-monsoon
Block_2_W2,Tamil Nadu,Chennai,Block_2,November,2019,18.07,Post-monsoon
Block_2_W2,Tamil Nadu,Chennai,Block_2,May,2020,18.38,Pre-monsoon
Block_2_W2,Tamil Nadu,Chennai,Block_2,November,2020,10.26,Post-monsoon
Block_2_W2,Tamil Nadu,Chennai,Block_2,May,2021,16.02,Pre-monsoon
Block_2_W2,Tamil Nadu,Chennai,Block_2,November,2021,9.79,Post-monsoon
Block_2_W2,Tamil Nadu,Chennai,Block_2,May,2022,17.39,Pre-monsoon
Block_2_W2,Tamil Nadu,Chennai,Block_2,November,2022,10.01,Post-monsoon
Block_2_W2,Tamil Nadu,Chennai,Block_2,May,2023,16.48,Pre-monsoon
Block_2_W2,Tamil Nadu,Chennai,Block_2,November,2023,10.88,Post-monsoon
Block_3_W2,Tamil Nadu,Chennai,Block_3,May,2019,15.43,Pre-monsoon
Block_3_W2,Tamil Nadu,Chennai,Block_3,November,2019,16.74,Post-monsoon
Block_3_W2,Tamil Nadu,Chennai,Block_3,May,2020,15.44,Pre-monsoon
Block_3_W2,Tamil Nadu,Chennai,Block_3,November,2020,13.55,Post-monsoon
Block_3_W2,Tamil Nadu,Chennai,Block_3,May,2021,17.09,Pre-monsoon
Block_3_W2,Tamil Nadu,Chennai,Block_3,November,2021,18.03,Post-monsoon
Block_3_W2,Tamil Nadu,Chennai,Block_3,May,2022,15.54,Pre-monsoon
Block_3_W2,Tamil Nadu,Chennai,Block_3,November,2022,11.99,Post-monsoon
Block_3_W2,Tamil Nadu,Chennai,Block_3,May,2023,24.09,Pre-monsoon
Block_3_W2,Tamil Nadu,Chennai,Block_3,November,2023,15.8,Post-monsoon
Block_4_W2,Tamil Nadu,Chennai,Block_4,May,2019,22.62,Pre-monsoon
Block_4_W2,Tamil Nadu,Chennai,Block_4,November,2019,10.3,Post-monsoon
Block_4_W2,Tamil Nadu,Chennai,Block_4,May,2020,15.34,Pre-monsoon
Block_4_W2,Tamil Nadu,Chennai,Block_4,November,2020,13.78,Post-monsoon
Block_4_W2,Tamil Nadu,Chennai,Block_4,May,2021,22.27,Pre-monsoon
Block_4_W2,Tamil Nadu,Chennai,Block_4,November,2021,13.12,Post-monsoon
Block_4_W2,Tamil Nadu,Chennai,Block_4,May,2022,18.9,Pre-monsoon
Block_4_W2,Tamil Nadu,Chennai,Block_4,November,2022,10.46,Post-monsoon
Block_4_W2,Tamil Nadu,Chennai,Block_4,May,2023,20.86,Pre-monsoon
Block_4_W2,Tamil Nadu,Chennai,Block_4,November,2023,9.26,Post-monsoon
Block_5_W2,Tamil Nadu,Chennai,Block_5,May,2019,15.95,Pre-monsoon
Block_5_W2,Tamil Nadu,Chennai,Block_5,November,2019,11.82,Post-monsoon
Block_5_W2,Tamil Nadu,Chennai,Block_5,May,2020,17.76,Pre-monsoon
Block_5_W2,Tamil Nadu,Chennai,Block_5,November,2020,10.46,Post-monsoon
Block_5_W2,Tamil Nadu,Chennai,Block_5,May,2021,14.96,Pre-monsoon
Block_5_W2,Tamil Nadu,Chennai,Block_5,November,2021,13.12,Post-monsoon
Block_5_W2,Tamil Nadu,Chennai,Block_5,May,2022,16.74,Pre-monsoon
Block_5_W2,Tamil Nadu,Chennai,Block_5,November,2022,12.89,Post-monsoon
Block_5_W2,Tamil Nadu,Chennai,Block_5,May,2023,14.68,Pre-monsoon
Block_5_W2,Tamil Nadu,Chennai,Block_5,November,2023,12.49,Post-monsoon
Block_1_W2,Tamil Nadu,Coimbatore,Block_1,May,2019,18.88,Pre-monsoon
Block_1_W2,Tamil Nadu,Coimbatore,Block_1,November,2019,8.66,Post-monsoon
Block_1_W2,Tamil Nadu,Coimbatore,Block_1,May,2020,15.44,Pre-monsoon
Block_1_W2,Tamil Nadu,Coimbatore,Block_1,November,2020,8.93,Post-monsoon
Block_1_W2,Tamil Nadu,Coimbatore,Block_1,May,2021,13.77,Pre-monsoon
Block_1_W2,Tamil Nadu,Coimbatore,Block_1,November,2021,17.69,Post-monsoon
Block_1_W2,Tamil Nadu,Coimbatore,Block_1,May,2022,16.96,Pre-monsoon
Block_1_W2,Tamil Nadu,Coimbatore,Block_1,November,2022,16.33,Post-monsoon
Block_1_W2,Tamil Nadu,Coimbatore,Block_1,May,2023,16.37,Pre-monsoon
Block_1_W2,Tamil Nadu,Coimbatore,Block_1,November,2023,14.51,Post-monsoon
Block_2_W2,Tamil Nadu,Coimbatore,Block_2,May,2019,22.04,Pre-monsoon
Block_2_W2,Tamil Nadu,Coimbatore,Block_2,November,2019,14.7,Post-monsoon
Block_2_W2,Tamil Nadu,Coimbatore,Block_2,May,2020,19.58,Pre-monsoon
Block_2_W2,Tamil Nadu,Coimbatore,Block_2,November,2020,12.52,Post-monsoon
Block_2_W2,Tamil Nadu,Coimbatore,Block_2,May,2021,16.08,Pre-monsoon
Block_2_W2,Tamil Nadu,Coimbatore,Block_2,November,2021,16.56,Post-monsoon
Block_2_W2,Tamil Nadu,Coimbatore,Block_2,May,2022,22.25,Pre-monsoon
Block_2_W2,Tamil Nadu,Coimbatore,Block_2,November,2022,17.44,Post-monsoon
Block_2_W2,Tamil Nadu,Coimbatore,Block_2,May,2023,13.97,Pre-monsoon
Block_2_W2,Tamil Nadu,Coimbatore,Block_2,November,2023,15.13,Post-monsoon
Block_3_W2,Tamil Nadu,Coimbatore,Block_3,May,2019,21.56,Pre-monsoon
Block_3_W2,Tamil Nadu,Coimbatore,Block_3,November,2019,10.24,Post-monsoon
Block_3_W2,Tamil Nadu,Coimbatore,Block_3,May,2020,13.72,Pre-monsoon
Block_3_W2,Tamil Nadu,Coimbatore,Block_3,November,2020,15.03,Post-monsoon
Block_3_W2,Tamil Nadu,Coimbatore,Block_3,May,2021,19.2,Pre-monsoon
Block_3_W2,Tamil Nadu,Coimbatore,Block_3,November,2021,17.33,Post-monsoon
Block_3_W2,Tamil Nadu,Coimbatore,Block_3,May,2022,14.25,Pre-monsoon
Block_3_W2,Tamil Nadu,Coimbatore,Block_3,November,2022,14.96,Post-monsoon
Block_3_W2,Tamil Nadu,Coimbatore,Block_3,May,2023,16.43,Pre-monsoon
Block_3_W2,Tamil Nadu,Coimbatore,Block_3,November,2023,8.74,Post-monsoon
Block_4_W2,Tamil Nadu,Coimbatore,Block_4,May,2019,14.58,Pre-monsoon
Block_4_W2,Tamil Nadu,Coimbatore,Block_4,November,2019,15.26,Post-monsoon
Block_4_W2,Tamil Nadu,Coimbatore,Block_4,May,2020,20.8,Pre-monsoon
Block_4_W2,Tamil Nadu,Coimbatore,Block_4,November,2020,13.6,Post-monsoon
Block_4_W2,Tamil Nadu,Coimbatore,Block_4,May,2021,16.83,Pre-monsoon
Block_4_W2,Tamil Nadu,Coimbatore,Block_4,November,2021,16.54,Post-monsoon
Block_4_W2,Tamil Nadu,Coimbatore,Block_4,May,2022,16.47,Pre-monsoon
Block_4_W2,Tamil Nadu,Coimbatore,Block_4,November,2022,15.9,Post-monsoon
Block_4_W2,Tamil Nadu,Coimbatore,Block_4,May,2023,16.94,Pre-monsoon
Block_4_W2,Tamil Nadu,Coimbatore,Block_4,November,2023,11.61,Post-monsoon
Block_5_W2,Tamil Nadu,Coimbatore,Block_5,May,2019,18.75,Pre-monsoon
Block_5_W2,Tamil Nadu,Coimbatore,Block_5,November,2019,10.16,Post-monsoon
Block_5_W2,Tamil Nadu,Coimbatore,Block_5,May,2020,21.18,Pre-monsoon
Block_5_W2,Tamil Nadu,Coimbatore,Block_5,November,2020,12.74,Post-monsoon
Block_5_W2,Tamil Nadu,Coimbatore,Block_5,May,2021,17.21,Pre-monsoon
Block_5_W2,Tamil Nadu,Coimbatore,Block_5,November,2021,17.33,Post-monsoon
Block_5_W2,Tamil Nadu,Coimbatore,Block_5,May,2022,18.26,Pre-monsoon
Block_5_W2,Tamil Nadu,Coimbatore,Block_5,November,2022,13.16,Post-monsoon
Block_5_W2,Tamil Nadu,Coimbatore,Block_5,May,2023,21.19,Pre-monsoon
Block_5_W2,Tamil Nadu,Coimbatore,Block_5,November,2023,13.26,Post-monsoon
Block_1_W2,Uttar Pradesh,Lucknow,Block_1,May,2019,16.02,Pre-monsoon
Block_1_W2,Uttar Pradesh,Lucknow,Block_1,November,2019,18.22,Post-monsoon
Block_1_W2,Uttar Pradesh,Lucknow,Block_1,May,2020,20.73,Pre-monsoon
Block_1_W2,Uttar Pradesh,Lucknow,Block_1,November,2020,12.1,Post-monsoon
Block_1_W2,Uttar Pradesh,Lucknow,Block_1,May,2021,14.08,Pre-monsoon
Block_1_W2,Uttar Pradesh,Lucknow,Block_1,November,2021,15.18,Post-monsoon
Block_1_W2,Uttar Pradesh,Lucknow,Block_1,May,2022,20.03,Pre-monsoon
Block_1_W2,Uttar Pradesh,Lucknow,Block_1,November,2022,12.47,Post-monsoon
Block_1_W2,Uttar Pradesh,Lucknow,Block_1,May,2023,23.46,Pre-monsoon
Block_1_W2,Uttar Pradesh,Lucknow,Block_1,November,2023,15.17,Post-monsoon
Block_2_W2,Uttar Pradesh,Lucknow,Block_2,May,2019,14.58,Pre-monsoon
Block_2_W2,Uttar Pradesh,Lucknow,Block_2,November,2019,10.96,Post-monsoon
Block_2_W2,Uttar Pradesh,Lucknow,Block_2,May,2020,16.83,Pre-monsoon
Block_2_W2,Uttar Pradesh,Lucknow,Block_2,November,2020,15.41,Post-monsoon
Block_2_W2,Uttar Pradesh,Lucknow,Block_2,May,2021,14.8,Pre-monsoon
Block_2_W2,Uttar Pradesh,Lucknow,Block_2,November,2021,12.79,Post-monsoon
Block_2_W2,Uttar Pradesh,Lucknow,Block_2,May,2022,21.63,Pre-monsoon
Block_2_W2,Uttar Pradesh,Lucknow,Block_2,November,2022,16.88,Post-monsoon
Block_2_W2,Uttar Pradesh,Lucknow,Block_2,May,2023,17.29,Pre-monsoon
Block_2_W2,Uttar Pradesh,Lucknow,Block_2,November,2023,16.67,Post-monsoon
Block_3_W2,Uttar Pradesh,Lucknow,Block_3,May,2019,14.87,Pre-monsoon
Block_3_W2,Uttar Pradesh,Lucknow,Block_3,November,2019,17.16,Post-monsoon
Block_3_W2,Uttar Pradesh,Lucknow,Block_3,May,2020,15.49,Pre-monsoon
Block_3_W2,Uttar Pradesh,Lucknow,Block_3,November,2020,11.83,Post-monsoon
Block_3_W2,Uttar Pradesh,Lucknow,Block_3,May,2021,20.62,Pre-monsoon
Block_3_W2,Uttar Pradesh,Lucknow,Block_3,November,2021,9.05,Post-monsoon
Block_3_W2,Uttar Pradesh,Lucknow,Block_3,May,2022,14.36,Pre-monsoon
Block_3_W2,Uttar Pradesh,Lucknow,Block_3,November,2022,15.8,Post-monsoon
Block_3_W2,Uttar Pradesh,Lucknow,Block_3,May,2023,21.02,Pre-monsoon
Block_3_W2,Uttar Pradesh,Lucknow,Block_3,November,2023,15.01,Post-monsoon
Block_4_W2,Uttar Pradesh,Lucknow,Block_4,May,2019,19.64,Pre-monsoon
Block_4_W2,Uttar Pradesh,Lucknow,Block_4,November,2019,14.14,Post-monsoon
Block_4_W2,Uttar Pradesh,Lucknow,Block_4,May,2020,16.3,Pre-monsoon
Block_4_W2,Uttar Pradesh,Lucknow,Block_4,November,2020,11.32,Post-monsoon
Block_4_W2,Uttar Pradesh,Lucknow,Block_4,May,2021,16.78,Pre-monsoon
Block_4_W2,Uttar Pradesh,Lucknow,Block_4,November,2021,17.25,Post-monsoon
Block_4_W2,Uttar Pradesh,Lucknow,Block_4,May,2022,19.92,Pre-monsoon
Block_4_W2,Uttar Pradesh,Lucknow,Block_4,November,2022,12.21,Post-monsoon
Block_4_W2,Uttar Pradesh,Lucknow,Block_4,May,2023,17.9,Pre-monsoon
Block_4_W2,Uttar Pradesh,Lucknow,Block_4,November,2023,17.85,Post-monsoon
Block_5_W2,Uttar Pradesh,Lucknow,Block_5,May,2019,15.61,Pre-monsoon
Block_5_W2,Uttar Pradesh,Lucknow,Block_5,November,2019,13.2,Post-monsoon
Block_5_W2,Uttar Pradesh,Lucknow,Block_5,May,2020,17.44,Pre-monsoon
Block_5_W2,Uttar Pradesh,Lucknow,Block_5,November,2020,13.4,Post-monsoon
Block_5_W2,Uttar Pradesh,Lucknow,Block_5,May,2021,14.35,Pre-monsoon
Block_5_W2,Uttar Pradesh,Lucknow,Block_5,November,2021,16.41,Post-monsoon
Block_5_W2,Uttar Pradesh,Lucknow,Block_5,May,2022,22.14,Pre-monsoon
Block_5_W2,Uttar Pradesh,Lucknow,Block_5,November,2022,12.7,Post-monsoon
Block_5_W2,Uttar Pradesh,Lucknow,Block_5,May,2023,19.22,Pre-monsoon
Block_5_W2,Uttar Pradesh,Lucknow,Block_5,November,2023,17.5,Post-monsoon
Block_1_W2,Uttar Pradesh,Kanpur,Block_1,May,2019,19.65,Pre-monsoon
Block_1_W2,Uttar Pradesh,Kanpur,Block_1,November,2019,8.67,Post-monsoon
Block_1_W2,Uttar Pradesh,Kanpur,Block_1,May,2020,18.44,Pre-monsoon
Block_1_W2,Uttar Pradesh,Kanpur,Block_1,November,2020,13.69,Post-monsoon
Block_1_W2,Uttar Pradesh,Kanpur,Block_1,May,2021,16.45,Pre-monsoon
Block_1_W2,Uttar Pradesh,Kanpur,Block_1,November,2021,15.58,Post-monsoon
Block_1_W2,Uttar Pradesh,Kanpur,Block_1,May,2022,21.55,Pre-monsoon
Block_1_W2,Uttar Pradesh,Kanpur,Block_1,November,2022,16.69,Post-monsoon
Block_1_W2,Uttar Pradesh,Kanpur,Block_1,May,2023,17.21,Pre-monsoon
Block_1_W2,Uttar Pradesh,Kanpur,Block_1,November,2023,9.04,Post-monsoon
Block_2_W2,Uttar Pradesh,Kanpur,Block_2,May,2019,24.49,Pre-monsoon
Block_2_W2,Uttar Pradesh,Kanpur,Block_2,November,2019,15.67,Post-monsoon
Block_2_W2,Uttar Pradesh,Kanpur,Block_2,May,2020,14.85,Pre-monsoon
Block_2_W2,Uttar Pradesh,Kanpur,Block_2,November,2020,16.26,Post-monsoon
Block_2_W2,Uttar Pradesh,Kanpur,Block_2,May,2021,21.7,Pre-monsoon
Block_2_W2,Uttar Pradesh,Kanpur,Block_2,November,2021,14.12,Post-monsoon
Block_2_W2,Uttar Pradesh,Kanpur,Block_2,May,2022,20.9,Pre-monsoon
Block_2_W2,Uttar Pradesh,Kanpur,Block_2,November,2022,11.07,Post-monsoon
Block_2_W2,Uttar Pradesh,Kanpur,Block_2,May,2023,14.22,Pre-monsoon
Block_2_W2,Uttar Pradesh,Kanpur,Block_2,November,2023,11.13,Post-monsoon
Block_3_W2,Uttar Pradesh,Kanpur,Block_3,May,2019,21.42,Pre-monsoon
Block_3_W2,Uttar Pradesh,Kanpur,Block_3,November,2019,7.09,Post-monsoon
Block_3_W2,Uttar Pradesh,Kanpur,Block_3,May,2020,17.02,Pre-monsoon
Block_3_W2,Uttar Pradesh,Kanpur,Block_3,November,2020,11.9,Post-monsoon
Block_3_W2,Uttar Pradesh,Kanpur,Block_3,May,2021,17.9,Pre-monsoon
Block_3_W2,Uttar Pradesh,Kanpur,Block_3,November,2021,18.0,Post-monsoon
Block_3_W2,Uttar Pradesh,Kanpur,Block_3,May,2022,16.07,Pre-monsoon
Block_3_W2,Uttar Pradesh,Kanpur,Block_3,November,2022,12.38,Post-monsoon
Block_3_W2,Uttar Pradesh,Kanpur,Block_3,May,2023,19.67,Pre-monsoon
Block_3_W2,Uttar Pradesh,Kanpur,Block_3,November,2023,13.3,Post-monsoon
Block_4_W2,Uttar Pradesh,Kanpur,Block_4,May,2019,16.51,Pre-monsoon
Block_4_W2,Uttar Pradesh,Kanpur,Block_4,November,2019,13.18,Post-monsoon
Block_4_W2,Uttar Pradesh,Kanpur,Block_4,May,2020,15.4,Pre-monsoon
Block_4_W2,Uttar Pradesh,Kanpur,Block_4,November,2020,9.34,Post-monsoon
Block_4_W2,Uttar Pradesh,Kanpur,Block_4,May,2021,19.77,Pre-monsoon
Block_4_W2,Uttar Pradesh,Kanpur,Block_4,November,2021,11.97,Post-monsoon
Block_4_W2,Uttar Pradesh,Kanpur,Block_4,May,2022,22.35,Pre-monsoon
Block_4_W2,Uttar Pradesh,Kanpur,Block_4,November,2022,11.3,Post-monsoon
Block_4_W2,Uttar Pradesh,Kanpur,Block_4,May,2023,20.78,Pre-monsoon
Block_4_W2,Uttar Pradesh,Kanpur,Block_4,November,2023,13.63,Post-monsoon
Block_5_W2,Uttar Pradesh,Kanpur,Block_5,May,2019,13.75,Pre-monsoon
Block_5_W2,Uttar Pradesh,Kanpur,Block_5,November,2019,14.72,Post-monsoon
Block_5_W2,Uttar Pradesh,Kanpur,Block_5,May,2020,15.34,Pre-monsoon
Block_5_W2,Uttar Pradesh,Kanpur,Block_5,November,2020,18.28,Post-monsoon
Block_5_W2,Uttar Pradesh,Kanpur,Block_5,May,2021,13.75,Pre-monsoon
Block_5_W2,Uttar Pradesh,Kanpur,Block_5,November,2021,11.75,Post-monsoon
Block_5_W2,Uttar Pradesh,Kanpur,Block_5,May,2022,13.24,Pre-monsoon
Block_5_W2,Uttar Pradesh,Kanpur,Block_5,November,2022,17.36,Post-monsoon
Block_5_W2,Uttar Pradesh,Kanpur,Block_5,May,2023,19.37,Pre-monsoon
Block_5_W2,Uttar Pradesh,Kanpur,Block_5,November,2023,13.64,Post-monsoon
